Source,Date,Title,Content,Name,Rating,Version
HungerStation,2021-11-02,ุงุชููู ุงูุงูุชุจุงู,ุชุบููู ุงููุดุฑูุจุงุช ุจุงุญูุงู (ุงูุญุงุฑ ูุงูุจุงุฑุฏ) ููุชุงูุฏ ูู ุงู ุงูููุฏูุจ ูู ูู ูุณุชุฎุฏู ุงููุดุฑูุจ,'ุฃููุฑุฉ',2,5.13.2
HungerStation,2021-11-02,ุงุนูุงูุงุชูู ุฃูุจุฑ ูู ูุงูุนูู,ุฌุงูุฒ ูุจุณ,ุฏุญ 911,1,5.13.2
HungerStation,2021-11-02,ุณูุก ุฌุฏุง,ูุง ููุฌุฏ ุงู ุงูุชุฒุงู ุจููุงุนูุฏ ุงูุชูุตูู ุ ุงูุทูุจ ูุฌูุณ ุณุงุนุชูู ููู ูุฌูู ! ููุฌู ุจุงุฑุฏ ูุงูููุฏูุจ ูุงููู ูุฑุฏ ูุง ุชุทูุฑ ููุง ุดู ุจูููุฑุณุชูุดู ูู ููู ุทูุน ููุญูู ููุชูู ูุชุนูููู ูู ุฌุงูุฒ ุจุณ,y_awdah,1,5.13.2
HungerStation,2021-11-02,ูุงุดู,ุงูู ูู ูุฌูู ููุตุงุจูู ููุฒูุฏูู ูููุณ ูุฌุงู ุจุฏูู ุณุจุจ ูู ุงููุงุฆูู ุณุนุฑ ู ูู ุงูุณูู ุณุนุฑ ุซุงูู ุญุชู ูู ูุง ุงุธูุช ุงู ุดูุก,ii.jem2,1,5.13.2
HungerStation,2021-11-02,horrible,"canceled my order on me did not provide any information about the issue or anyone to contact. my money is lost and every time i try to contact customer service it gives me a โsomething went wrongโ message 
i do not recommend, ridiculous",Dead Rat2,1,5.13.2
HungerStation,2021-11-02,Customer Service,Customer service is extremely poor. Will not get your delivery in some cases,Hamloodi,1,5.13.2
HungerStation,2021-11-01,.,ุณุงูู ูู ุงูุฑูุงุถ ุจุงูููุฏูุฉ ููุง ููุตููู ุงูู ูุทุนู,jeerghhj,1,5.13.2
HungerStation,2021-11-01,.,ุงุณูุก ุจุฑูุงูุฌ ุชูุตูู ุงูู ูุฑ ุนูู ุ ุญุณุจู ุงููู ุนูููู,iiaxe04,1,5.13.2
HungerStation,2021-11-01,Good but horrible delivery service,"The app itself is very nice and practical. However, it is truly annoying how literally every delivery man doesnโt want to make the slightest bit of effort. They always demand that we come down to take the order even though the delivery charge is very high already. It is only normal that the order is delivered to the doorstep; that is what we pay for after all with the delivery charge. They also frequently resort to the excuse that thereโs no parking even though there is one only two meters away from the building. Sometimes, we decide not to order through the app as a result of this. This kind of behavior definitely needs to stop because itโs disrespectful and unfair.",12rana1,3,5.13.2
HungerStation,2021-11-01,Terrible customer service and terrible app,"Thereโs is ZERO customer service. I never received an order, was charged for it and then was never refunded. To add insult to injury they marked my issue as resolved. I cannot get through to them anymore. Absolutely disgraceful and dishonest. Avoid this crooked company like the plague. If I could give -10 stars I would. Utterly horrid!",Gol D Roger AKA Pirate King,1,5.13.2
HungerStation,2021-11-01,ุงูุชุฑุงุญ ุชุญุณูู,ุงุฑุฌูุง ุงุถุงูุฉ ุณูู ุชุญููุฉ ุงูุฌุจูู ุถูู ููุงุทู ุงูุชูุตูู,N123456789010,5,5.13.2
HungerStation,2021-11-01,ูุฒุนุฌ,ูุดููุฉ ุงูุชุทุจูู ุงูู ูู ุดูู ูุฑุณู ุชูุจููุงุช ุณุงูุฌุฉ ููุฒุนุฌุฉ ูุฐูู ุจุนุฏ ูู ูุฑุฉ ุงูุณุญู ุจุณุจุจูุง,Samer.Hindi,1,5.13.2
HungerStation,2021-11-01,ูู ุงูุทุงูู ุงููุญูุงุช ู ุงููุทุงุนู ูุดุบููุฉ ุงู ูุบููุฉ ุงุฏุฎู ูุฑุณูู ููู ููุชูุญุฉ ุงูุด ุงููุดููุฉ ุฐู ูู ูุฑู ุฒู ูุฐุง,ูู ุงูุทุงูู ุงููุญูุงุช ูุงููุทุงุนู ูุดุบููุฉ ุงู ูุบููุฉ ุงุฏุฎู ูุฑุณูู ููู ููุชูุญุฉ ุงูุด ุงููุดููุฉ ูู ูุฑู ุฒู ูุฐุง ู ูุบูู ุงู ูุดุบูู ูุฑูุช ุงูุจุฑูุงูุฌ ูู ุฒูุงู ุนูู ุงููุถุน ุฐุง ููุง ุชุบูุฑ,ุทุงุฑู 1411,1,5.13.2
HungerStation,2021-11-01,ุงูุถู ูู ูุฑุณูู ๐ค๐ค,ุงูุถู ูู ูุฑุณูู ๐ค๐ค,ูููู ูุนุฑ,5,5.13.1
HungerStation,2021-10-31,ูููููู,ุณูุฆูู ูุบูุฑ ูุจุงููู,ุญูุชูู,1,5.13.1
HungerStation,2021-10-31,ูุณุชุงูู ุงุนูุง ูุฌูู,ุงุจุฏุนุชู ุชุทุจูู ุฑุงุฆุน ุทูุจุช ูู ูุญู ูููุช ูุงุชุจู ุชุนููู ูุบูุฑูู ูู ููู ูุฌุงูู ุบูุท ูุนูุถููู ูููุฑุณุชูุดู,GHADO:),5,5.13.1
HungerStation,2021-10-31,ุจุฑูุงูุฌ ูุถูู ุนูู ุงููุณุชุฎุฏู ุจุฅุนูุงูุงุช ููููู,ุจุฑูุงูุฌ ูุถูู ุนูู ุงููุณุชุฎุฏู ุจุฅุนูุงูุงุช ููููู ูุง ุงูุตุญ ุจู,ุงูุฏูุณุฑู 502),1,5.13.1
HungerStation,2021-10-31,ุงููุณูู..,ุงูุณูุงู ุณู ุฌุฏุข,ุงููุณูู ..@,1,5.13.1
HungerStation,2021-10-31,ุนุงุงุงุงุฌู ุฌุฏุง,"ุจุนุฏ ุงูุชุญุฏูุซ ูุง ุนููุชู ุญุณุงุจ ุงูุฌูุงูุงุช ุงููู ุงูุงูููู ุงููู ูุง ุชูุจู ุงูุชุญุฏูุซ ุงูุฌุฏูุฏ ููุงุณู ุงูู ูุฐุง ุจุชููุฏู ุนููุงุฆูู ูุนูู ูู ูุนููู ุงุดุชุฑู ุฌูุงู ุฌุฏูุฏ ุนุดุงู ููุจู ุงูุชุญุฏุซ ููุงุณู

ูุทูุจ ุงุตุฏุงุฑ ุงุนูู  13 ููุงุชูุณุทูุน ุชุบูุฑ ุงูุงูููู",ice age 7,1,5.11.6
HungerStation,2021-10-31,ูุนุทู,ูุง ูุดุชุบู ุนูู ุงูููู6,71wy,1,5.13.1
HungerStation,2021-10-30,ุบุดุดุดุดุดุด,ุงุณุนุงุฑ ุงููุฌุจุงุช ุจุงูุนุฑูุถ ุงุบูุง ูู ุงููุทุงุนู,ููุณูุฉ,1,5.13.1
HungerStation,2021-10-30,Bad application,"Itโs worse it application delivery food  I have tried in Saudi Arabia.

I had three bad experience.

They always missed some of the food.",abochy,1,5.13.1
HungerStation,2021-10-30,ุณุฑุนุฉ ุงูุชูุตูู ุชุญุณูุช ุจุดูู ูุจููููุฑ,ุณุฑุนุฉ ุงูุชูุตูู ุงุจูุฑุชูู ูู ูขูฃ ุฏูููู ูุงูุงูู ูุงู ุญุงุฑ,Khaled_hamaddd,5,5.13.1
HungerStation,2021-10-30,ุจุฏูู,ุชุฃุฎุฑ ุงูุทูุจ โฆ ุจุณุจุจ ุงู ุงูุฏูุน ุนูุฏ ุงุณุชูุงู ุงูุทูุจ ู ูุฐุง ูุฎุงูู ูุดุฑูุท ุงูุนูู .. ุงุฐุงู ุงูุฏูุน ุนูุฏ ุงูุงุณุชูุงู ุงูุบูู ูู ุงูุฎูุงุฑุงุช,bbananjsn,1,5.13.1
HungerStation,2021-10-30,ูููุฑ,ุจูุฑูุช ุงุฑุณูู ูู ุงูุจุณุจูุณู ูุฏููู ุฎุฑุจุงูู ุุ,ูุฏู ุงููุฑูุฏู,4,5.13.1
HungerStation,2021-10-30,ูุดู ุณูุงููููู,ุงูุณูุงู ูุงุดู ุงูู ุงุฑุณูุชูู ุณุงุงุนู ูุงูุนุฑู ุงูุจูุช,ุงูู ุทุงุฑู,1,5.13.1
HungerStation,2021-10-30,ุงููุญุฌุฑ ูุณุชุดูู ุนุจุฏุงูุนุฒูุฒ,ุทูุจุช ุงูู ู ุทูุจู ูุงุถุญ ููุฌููู ุงูุงูู ููู ูุงูุต ููุฏููุน ูุงูู โโโโโโโโโโโ,ุณุณุณุณุณุณุณูุณููููููู,1,5.13.1
HungerStation,2021-10-30,ุฎููุณ ูุดูุท,ุจุฑูุงูุฌ ุฒุจุงุงุงุงุงุงูู ูุตูุญู ููุฑู ูููุณูู ููุง ุชุณุชุฎุฏูููู ูุฑุจู ูุตุงุจูู ูุงุจุนุฏ ุญุฏ ูุงุณุชูุชุงุฑ ูู ุงูููุงุฏูุจ ูุงูููู ุงู ูุงุงููู ุฎูุงุฑ ุงูุบุงุก ุงูุทูุจ ูู ูุฌุงู ุญุจูุช ุชููุณู ุงูุง ุบุถุจ ุชุงุฎุฐ ุงูุทูุจ ุงุจู ุงุดูุงููู ูุงุดูุฎ,bshayer21,1,5.13.1
HungerStation,2021-10-30,ุชุงุฎูุฑ,ูุชุฃุฎุฑูู ูู ุงูุชูุตูู ููุตุงููู,ุนุจุฏุงููู ููุงู ุงูุดุฑูู,1,5.13.1
HungerStation,2021-10-30,ุชุทุจูู ุฌุฏุงู ุณูุฆ,ุณุญุจู ุงููููุณ ู ุชู ุฅูุบุงุก ุงูุทูุจ ููุง ููุฌุฏ ุทุฑููุฉ ุชูุงุตู ููู ูุชู ุฅุณุชุฑุฌุงุน ุงููุจูุบ,Bamuhriz,1,5.13.1
HungerStation,2021-10-30,Deleviry,Sometimes delivery good and fast soemtimes bad and slow plz make delivery fast,Sailabi,4,5.13.1
HungerStation,2021-10-29,ุฎุทุฃ ูู ุงูุชุทุจูู,"ููุฌุฏ ูุดููู ูู ุชุทุจูููู 
ุจุนุฏ ูุงุญุฏุฏุช ุงูุนููุงู
ุชูุงุฌุฃุช ุงู ุงูุทูุจ ูู ูุฏููู ุงุฎุฑู",assado,1,5.13.1
HungerStation,2021-10-29,ุงูุจุฑูุงูุฌ ุงุตุจุญ ุณูุก ูุฃุจุนุฏ ุฏุฑุฌุฉ,ุฎุฏูุฉ ุนููุงุก ูุนุฏููุฉุ ูุงูู ุงู ุทุฑููู ุชุชูุงุตู ูุนูู ุงู ุชุนุชุฑุถ ุนูู ุทูุจ ุชุฃุฎุฑ ุณุงุนุชูู. ูู ุชุทูุจ ูุญู ููุฌูู ุฏุฌุงุฌุ ูุง ุชุงููู ูุงูุช ุณุงูุช ูุง ุชุฑูุญ ุนููู ูููุณู. ุญุงุทูู ูู ุดุงุช ูุฎุฏูุฉ ุงูุนููุงุก ูุฑู ูุตู ุงูุงูุชุธุงุฑ ุณุงุนุชููุ ุทุจุนุงู ุงููุช ุจูุทุนู ุซุงูู ูุฎูุตุชุ ุจุณ ุณุงุนุชูู ุงูุชุธุฑ ููุง ุงุญุฏ ุฑุฏ. ุณูุก ุณูุก ุณูุก ุจูู ูุง ุชุนููู ุงููููู. ูุทูุนูู ูู ูุฑุงูู ููู ูุฑู ุงููููุฏ ุงููู ูุณูููู ูุจุงูุบ ููุฃ ูุฎุฏููููู ุฒู ุงููุงุณ. ูุตุงุฑูุง ุงูุญูู ูุงุฎุฐูู ุงูุทูุจุงุช ุจุงูุฌููู ุนูุดุงู ูููุฑูู ูููุณ. ูุนูู ูุงุฎุฐ ุทูุจู ููุฑูุญ ูุทุนู ุซุงููุ ููุชุธุฑ ุงูุทูุจ ุจุนุฏูู ูุฌูู ุงูุงูู ุจุงุฑุฏ. ุดูุก ุฌุฏุงู ูุณุชูุฒ ูุงูุขู ุฃูุณุญ ุงูุชุทุจูู,becker101,1,5.13.1
HungerStation,2021-10-29,ุชูููู,ุฎููู ุฌุฏุงู,ููุฑูู,5,5.13.1
HungerStation,2021-10-29,ุงูู ุณุฆ,"ุงููุทุนู ุงูุงุฎูุฑ ูุงูุช ุงูุณูุทู ูููุงูู ุญุดุฑุงุช ุญุณุจููุงุงููู ููุนู ุงููููู.
ูุงููู ุจุงุฒ",amktahrask,1,5.13.1
HungerStation,2021-10-29,ูุตููู ุทูุจ ูุงูุต,"ูุตููู ุงูุทูุจ ูุงูุต ุณูุทุฉ ูุตูุตุงุช ูู ุงูุงุฎูุฑ ุจุนุฏ ุชูุงุตู ูุน ุฏุนู ุชู ุฑูุน ุดููู ููุนุชุฐุฑ ูุงูุง ููู ุงุชุนุดู 
ูู ุญูููุฉ ุชุฌุฑุจุฉ ูุฑูุฑุฉ ุณูุฆุฉ ุณูู ุงุฎุฐู ุชุทุจูู",ุงุจู ูุงูู ูฃูฃูฃ,1,5.13.1
HungerStation,2021-10-29,ุงุณูุก ุชุทุจูู ุชูุตูู ูู ุงููุฌูุฏ,"ุชุงุฎูุฑ ูู ุงูุชูุตูู
ููุฏูุจ ูุชุงุฎุฑ ููุงูุฑุฏ
ุทูุจุงุช ูุงูุตู 
ุงูุงูู ููุตูู ุจุงุฑุฏ 
ุงูููุฏูุจ ููุจู ุงูุทูุจ ููู ูุงูุนู ูููุณ",x9nefo,1,5.13.1
HungerStation,2021-10-29,ุณูุก,ุงุณูุก ุชุทุจูู ุชูุตูู ูููู ุชุดููู ุงูุงูู ููุตู ุจุงุฑุฏ ู ูุต ุงูุงูู ูุงููู ุงููู ูุง ูุณุงูุญูู ู ุชูุตูููู ุงุบูู ูู ุงูุทูุจ ููุณู,@HitoPotato,1,5.13.1
HungerStation,2021-10-29,Me,Jncncncncncnxx,ndmncn,5,5.13.1
HungerStation,2021-10-29,ุฃุณูุฃ ุชุทุจูู ุชูุตูู ุนูู ุงูุฅุทูุงู,ุงุฐุง ุงูุช ุดุจุนุงู ููุงุชุจู ูููุณู ุงุทูุจ ูููู ุ ูุงูู ูุงุฑุงุญ ุชุดูู ุงูุทูุจ ููุงุฑุงุญ ุชุดูู ุงููููุณ,mssksskke,1,5.13.1
HungerStation,2021-10-29,Outstanding service,Best app as well as the service they provide incredible.,INDIAN_123456,5,5.13.1
HungerStation,2021-10-29,ุงุณุนุงุฑ ุงุบูู ูู ุงููุทุงุนู ููุณูุง,ูู ูุฌุจุฉ ูุฒูุฏ ุณุนุฑูุง ูู ูููุฑุณุชูุดู ุจูุง ูุง ููู ุนู ูฃ ุฑูุงู ูุชูุตู ุงูู ูจ ุฑูุงูโฆ ูููู ูุฐุง ูุชุฃุฎุฑ ุงูููุฏูุจ ูููุตูู ุงูุงูู ุจุงุฑุฏ,Mouath Alamri92,1,5.13.1
HungerStation,2021-10-29,Feedback,"I have had the worst experience ever. Iโm adding this comment while Iโm waiting my order. Once the order delivered, this app will be deleted for good.",ุฉุกุฉุฉุฆุจูุฉูููุฆูุฆููููุฆุฉ,1,5.13.1
HungerStation,2021-10-28,ุชุจูู ุชุจูู,ูููุฉ ุงูุชูุตูู ูุจุงูุบ ูููุง ุงุฑุฌู ุงุนุงุฏุฉ ุงููุธุฑ ููุนููุงุก ุงููุณุชูุฑูู ูุงููุชุนุงูููู ูุดูุฑุงู,ูุญูุฏ ุตูู ุงููู ุนููู ูุณูู,4,5.13.1
HungerStation,2021-10-28,ุชุทุจูู ูุงุดู ุ ู ูุดูู ุจุณุจุจ ุงูููุงุฏูุจ ุงููู ูุฎุฐ ุทูุจู ู ูุฌูุณ ููุชุธุฑ ูุต ุณุงุนู ุนุดุงู ูุฎุฐ ุทูุจ ุซุงูู ูุนุงู,ุชุงุฎูุฑ ูู ุงูููุงุฏูุจ ู ูุฑู ูุฑุฑู ูู ุชุนุงูููู ุ ูุง ูุฑุฏูู ุนูู ุงูุงุชุตุงู ููุง ุดู,vreai,1,5.13.1
HungerStation,2021-10-28,ุดููุง,ุฌุงูุจูู ุงููููู ููุจูุจู ูุงูููู ููู ูููู ุณูู ุดููุง ูููู ุงุฏุจ,Atheer-Hddo12,1,5.13.1
HungerStation,2021-10-28,..,ููู ุฎูู ุงูุชุทุจูู ูุงููุชุญ ุงูุง ููู ูุญุฏุซูู ุงูุชุญุฏูุซ 13 ุุุุ ุทูุจ ูุงูู ูุณู ุฌูุงูุงุชูู ูฆ-ูง-ูจ ูุงููุฏุฑูู ูุณุชุฎุฏูููู ูุงู ูุงุนูุฏูู ุฐูุง ุงูุชุญุฏูุซ ุงุณุงุณุง ูุงููุช ุชุญุณููู ูุงูุดู,koh143,1,5.13.1
HungerStation,2021-10-28,ุงูุฑูุงุถ,ุงุณูุก ุชุทุจูู,nawaf337,1,5.13.1
HungerStation,2021-10-28,ุง,ูุนูุ ุงููุบุฉ ุนุฑุจู ูู ุงูุฌูุงู ูุนุฑุจู ูู ุงููููุน ูู ุงูุงุนุฏุงุฏุงุช ููู ุงูุชุทุจูู ููุณู ููุด ููุชุจ ุงูุงุทุจุงู ุงูุฌููุฒูุุุุ,gu76(,1,5.13.1
HungerStation,2021-10-28,ุงูุทูุจ,ุงูุทูุจ ูุชุงุฎุฑ ูุฑูู ุงูููุฏูุจ ุงูููุฌูุฏ ูุจุฏู ูุดุฎุต ุงุฎุฑ. ูู ุงุณุชุทุน ุงูุชูุงุตู ูุน ุงูููุฏูุจ.,ahmedsaudkhulaify,1,5.13.1
HungerStation,2021-10-27,ุงูุทุงุฆู,"ุงูุณูุงู ุนูููู ุงููุงู ุงููุนุฑูู ูููู ูุงุฏุฆ ููุง ุงุฏูู ุจุงุดูุฆ ูุซูุฑ ุจุณ ููุงูุงูุฉ ุฑูุน ุถุบุทู ุณูุฆ ุฌุฏุงู ุชุฃุฎูุฑ ุบูุฑ ุทุจูุนู ููุฏูู ุชุฑูุญ ูุดู ูุชุฑุฌุน ููู ูุงุฎูุต ุชุนููู ุจุงูุจุฑูุงูุฌ ูุงูููุฏูุจ ุงุชููุน ูุงุญุฏ ุจุณ ููู ุงูุทุงุฆู ูููุง ูุจุนุฏูู ูุฌูู ุงุชููู ูููู ูุธุฑุฉ ุนูู ุจุฑูุงูุฌ
( ูุฑุณูู - ุฌุงูุฒ )",ุบูุทุฉ ููุฏูุงู ุนูููุง,1,5.13.1
HungerStation,2021-10-27,ููุฏู ูููุณุง,"ุงูุทูุจ ุงุฎุฐ ุณุงุนุชูู ูุฐุง ุบูุฑ ูุนููู ูุงูููุธู ูุงูุชุฌุงูุจ ููููู ุงูุง ูุง ุงุฏุฑู ุทูุจู ุนูุฏ ููู ุุุุุ
ุงุฎุฑ ูุฑู ุงุทูุจ ููู ุนูุฏูู",ุณุนุฐ90,1,5.13.1
HungerStation,2021-10-27,ููุงุญุธู,ุงูุฑุฌุงุก ุงุถุงูู ุฎุงูู ููุถุน ุชุนูููุงุช ุนูู ุงูุทูุจ ูููุทุนู ูุดูุฑุง.,h Ahmed hussin,5,5.13.1
HungerStation,2021-10-27,ุงูุทูุงุจุงุช,ุชุงุฎูุฑ,ุบุบุฑูู,1,5.13.1
HungerStation,2021-10-27,ุชุงุฎูุฑ ุงูููุงุฏูุจ ุจุงูุทูุจุงุช,"ุทูุจุช ุงูุซุฑ ูู ูุฑู ูู ุงูุชุทุจูู ูุงููุดููู ุงูุทูุจ ูุงุตู ูุชุฃุฎุฑ ูุจุงุฑุฏ ููููููู ูููู 
ุตุฑุงุญู ุงูุชุทุจูู ูุงุนูุฏู ุณูุงุณุฉ ุชุถูู ุญู ุงูุนููู ุงูู ุดู ูุงุฎุฐูู ูููุณูู",ุฎูุฏูู๐ป,1,5.13.1
HungerStation,2021-10-26,ุดูุฑูุง ูููุฑ,ุดูุฑุง,ุทูุงู ุงุจูุฑุจุนู,5,5.13.1
HungerStation,2021-10-26,If you want to be angry rather than fed.. WORST APP IN SAUDI ARABIA,Worst app! Plenty of better Saudi apps,Vi71111,1,5.13.1
HungerStation,2021-10-26,ูุงุดู,"ุงูุดู ุชุทุจูู ุจุงูุญูุงุฉ 
ุงููู ูุงุฑุจ ูุญุงุณุจูู ุนูู ูู ููุณ ุงุฎุฐุชูู ูููุง ุจุงูุญุฑุงู
ุงูู ุดุงุบููู ุงูุจุฑูุงูุฌ ุงูุฒู : 
QUALITY OVER QUANTITY 
Period.",qnorah,1,5.13.1
HungerStation,2021-10-26,Worst station,"One of the worst food applications ever โฆ.not honest and donโt consider customers notes โฆonly targets money ,not customer satisfaction.",ahmed abd rabo,1,5.13.1
HungerStation,2021-10-26,๐,ุฎุฏูู ููุชุงุฒู ู ุนุฑูุถ ุงูุชูุตูู ุงููุฒ,ููุชุงุฒุงุง,5,5.13.1
HungerStation,2021-10-26,ุงุนุชุฑุงุถ ูุดููู,"ููุด ุฌุงูู ุฎุตู 66 ุฑูุงู ูููุฉ ุงูุทูุจ ูุงูุชูุตูู
ูููุงู ุฌุงูู ุฎุตู 3.57๏ทผ ุญูุช ุงูุด 
ุงุฑุฌู ุงูุชูุถูุญ",ูุญูุฏ ูุตุฑ89,1,5.13.1
HungerStation,2021-10-25,ุดุญุงุฐู,ูุง ุฌุงุจู ูุงูุดุจ ููุง ูุงูููุฒ ููุง ุงู ุตูุต ุจุงูุญูุงู,manahi 01,1,5.13.1
HungerStation,2021-10-25,ุณูุก ุฌุฏุงู,ุชุทุจูู ูู ุณูุก ุงูู ุงุณูุงุก โฆ ุงูุณุนุฑ ุงุบูู โฆ ุฏุงูู ูุชุงุฎุฑ ูุฏุงูู ุงูุงูู ูุฌู ุจุงุฑุฏ,mohammad....,1,5.13.1
HungerStation,2021-10-25,ุฑุฃู,ุงุณุนุงุฑ ุงูุชูุตูู ุนูุฏูู ุงุบูู ูู ุงูุงูู ููุณู ูุบูุฑ ูุฐุง ููุงุฏูุจูู ูุชุงุฎุฑูู ุฏุงูู ูุงููุช ุชุฑุงุฌุนูู ุงุณุนุงุฑ ุงูุชูุตูู !,bsbsnakanabBB,2,5.13.1
HungerStation,2021-10-25,ุฎุฏูุฉ ุฑุงุฆุนุฉ ๐,ุฎุฏูุฉ ูุดูุฑ ุนูููุง ุฌููุน ุงูุนุงูููู ๐,Abdulaziz Muyini,5,5.13.1
HungerStation,2021-10-25,ุชุญุงูู ุจุงูุงุณุนุงุฑ ูุงุณุชุบูุงู ูููุงุณ,"ูุชู ุงููุงู ุงูุนููู ุจุนุฑูุถ ุงูุชูุตูู ุงู ุงูุชูุตูู ุงููุฌุงูู ูุจุงูููุงุจู ุฒูุงุฏู ุจุงูุงุณุนุงุฑ ุนู ุงูุณุนุฑ ุงูุงุตูู ูููุฌุจู ูู ุงููุทุนู 
ููุงุณู ุงููุตุฏุงููู ุตูุฑ ุจุงูุชุทุจูู",Majeed_112,1,5.13.0
HungerStation,2021-10-25,Very good app,Itโs a really good app but it does lag from time to time and also the delivery fees are kinda expensive 15 SAR so my order can be delivered if the delivery can be a little cheaper then I would 5 stars but for now I will give it a 4,Kayla fhad,4,5.13.0
HungerStation,2021-10-24,ููุชุงุฒ,ููุชุงุฒ,elsayed 1985,5,5.13.0
HungerStation,2021-10-24,ูู ุณูุก ุงูู ุงุณูุงุก,ูุงุชูุฏุฑ ุชุชูุงุตู ูุน ุฎุฏูุฉ ุงูุนููุงุก ููุงูููุฏููู ุจุดู ูุงูุทูุจ ูุฌูู ุจุนุฏ ูุงูุฑูุญ ุงูููุฏูุจ ูุงูุซุฑ ูู ุฒุจูู ููุฌูู ุจุงุฑุฏ,mohaddddddddd,1,5.13.0
HungerStation,2021-10-24,ุณูุก,ูุงุญุธุฉ ุงู ุงุณุนุงุฑ ุงููููู ู ุงูุชุทุจูู ุงุบูู ูู ุงููุญู ูุซูุง ุงูุจุฑูุณุช ุจุงูุจูู ุจ15 ููู ุงูุชุทุจูู ุจ18.5 ูุงูู ุนุงุฑู ูุด ุงูุณุจุจ ูุงููุฏู! ุงูู ูุฑู ูุงุฎุฑ ูุฑู ุงุณุชุฎุฏูู,A.1998,1,5.13.0
HungerStation,2021-10-24,ุชูููู,ุงุบูุจ ุงูุชุนูููุงุช ุชุณุจ ุงูุชุทุจูู ุจูุนูุณ ูู ุดูู ุงุทูุจ ููู ูู ุงูู ูุฑู ุูุฑู ุทูุจุช ุญูุง ูุฏููุงุช ููู ุนุตุงุฆุฑ ููู ูุงู ูููุตู ุจุณุฑุนุฉ ูุดุงุก ุงููู ุจุณ ุจุนุถ ุงูุงุญูุงู ูููู ุถุบุท ุนูุฏูู,ุฐูุงุก ููุง,5,5.13.0
HungerStation,2021-10-24,ุงูุฑูุงุถ,ุทูุจุช ูููู ูุญุงุณุจุช ุนุจุฑ ุงูุงุจู ุจุงู ููุตู ุงูุทูุจ ูุชุงุฎุฑุช ุนููู ุดูู ูุชู ุงูุบุงุก ุงูุทูุจ ููู ูุณุชุฑุฌุน ูุจูุบู ุงูู ุงูุงู ููู ุงุณุจูุน ุงููููู,baniuew,1,5.13.0
HungerStation,2021-10-24,ุชุทุจูู ุณูุก,ุทูุจุช ุงูุซุฑ ูู ูุฑุฉ ู ุฏุงูู ููุบู ุทูุจู ููุฑูุถ ุชุดูููู ุงููุทุนู ูู ูุงุฆูุชูู ุงุฐุง ูุง ุชูุฏุฑูู ุชูุตูููู,Fatimah.N Alali,1,5.13.0
HungerStation,2021-10-24,Extremely slow delivery,Every time I order it takes more than 2 hours to deliver my order !!,abd998,1,5.13.0
HungerStation,2021-10-24,ูุงููุฌุฏ ูุตุฏุงููุฉ,ูู,ูุจูุจูุจูุจ,1,5.13.0
HungerStation,2021-10-24,ุงูุชุญุฏูุซ,ุงูุฌุฏ,ุงูุฌุฏ ุณุนูุฏ,5,5.9.3
HungerStation,2021-10-23,ุง,ุณูุงูุงุช ูุงูุฏุฑ ุงูุบู ุงูุทูุจ ูุฑุถุง ุทูุจุช ุจุงูุบูุท ูุญุจูุช ุงูุบู ุจููุณ ุงูููุช ุตุฑุงุญุฉ ุชุทุจูู ุณูุก !!!!,For Khaled eyes๐ธ๐ฆ๐ธ๐ฆ๐ธ๐ฆ,1,5.13.0
HungerStation,2021-10-23,ุชูุช ุณุฑูุชู ูู ุงูุจุฑูุงูุฌ,"ุงูููุฏูุจ ูุงู ุงูู ูุตูุช ุงูุทูุจ ููู ูุชู ุชูุตููู 
ููู ูุชู ุงุฑุฌุงุน ุงููููุฏ ุญุชู ุงูุงู",abdul10101010,1,5.13.0
HungerStation,2021-10-23,Fail an app,The Hungerstation application fails and you rate it globally.,MOHAMMED2021,1,5.13.0
HungerStation,2021-10-23,ุงุฒุนุงุฌ ุงุดุนุงุฑุงุช,ูุฒุนุฌ ุจุงูุงุนูุงูุงุช ุนูู ุบูุฑ ูุงูุฏู .,ุงูุจุฑ ูู ุงูุฎูู,1,5.13.0
HungerStation,2021-10-23,Good luck hunger station๐,This app is so good i donโt care what people say about it โค๏ธโ๐ฅโค๏ธโ๐ฅ,iiiovx_,5,5.13.0
HungerStation,2021-10-22,ุง,ุชุทุจูู โุฑุงุฆุน โ โุฌุฏุง,ุนุจุฏุงููู ุณูููุงู SR,5,5.13.0
HungerStation,2021-10-22,ูุฐุงุจูู,ุงุฎุฑ ุงูููู ูุตูุญู ูุง ุชุทูุจ ุนูุฏูู ุฌุงูุฒ ูุนูุฏูู ุงูุซุฑ ูู ุชุทุจูู,j123048,1,5.13.0
HungerStation,2021-10-22,ูุตุจ,"ูุงูู ุงู ูุตุฏุงููู ุจุงูุงููุงุฏ ุ ููุฏ ุฌูุฑุงู ููุทูุจ ุงูุงูู ุญุทูุชู ู ุทูุน ูู ุงููุจูุบ ูููุช ุงูุฏูุน ูุง ุงูุฎุตู ุดู ุ ูููุช ุฎุฏูุฉ ุงูุนููุงุก ูููู ูุงุฒู ูุงูููู ุงูุชุทุจูู ุชุญูู ูุจู ูุฐุง ุจุงูุฌูุงู๐ 
ุงูุดุฑุท ุบูุฑ ูุฐููุฑ ูุณุจููุง ูุชู ูุจูู ุงูููุฏ ูููุช ุงูุฏูุน ูู ูุทุจู .. 
ููู ูุงูุนุงุฏู ุชุทุจูู ุณููุก",BAE977,1,5.13.0
HungerStation,2021-10-22,Order cancelled by the app after 45 min,"After waiting for 45 min the order was cancelled by the app.
Me and my guests were disappointed by the waiting time that went for nothing.
Not relaiable services.",lll M lll,1,5.13.0
HungerStation,2021-10-22,ุชููู ูุงุจูููุดู ูููุฑุณุชูุดู,ุญูููุง ุงูุชุทุจูู ุฌุฏุง ุณูุฆ ููุงุฎุฐ ูุจุงูุบ ุทุงุฆูุฉ ููุชูุตูู ูุบูุฑ ุฏููู ูู ุงูููุงุนูุฏ ุงุจุฏุง ุ ูููุฌุฏ ุชุทุจููุงุช ุงูุถู ููู ูุซู ุฌุงูุฒ ููุฐุง ุงุฎุฑ ุทูุจุฉ ุงุทูุจู ูู ุนูุฏูู ุจุนุฏูุง ุจุญุฐูู,Hamad 2021 true,1,5.13.0
HungerStation,2021-10-22,ุงูุฃูู ู ุฃูุง ุญุงููุงู ุทุงูุญูู ูู ุบุฑุงู ุงูุชุทุจูู ๐๐ป,....,ุงูุนููุฏ ูฃูฃูฃ,5,5.13.0
HungerStation,2021-10-22,Price difference,"Food items are more expensive than the actual store prices, which is scammy.",Mk2007mk,2,5.13.0
HungerStation,2021-10-22,A,ุงุณูููุก ุชุทุจูู  ุชุนุงููุช ูุนุงู ุจุญูุงุชู ุฎูุงุฑุงุช ูุงุดูู ู ุบูุฑ ูุงุถุญู ู ุญุงุทูู ุฎูุงุฑุงุช ูุงููุง ุฏุงุนู ู ุงุฐุง ุงุณุชุฎุฏูุชูุง ูุงุชููุฏ ู ุงุฐุง ุดููุช ูุฎุฏูุฉ ุงูุนููุงุก ูุงูู ูุงูุฏู ุญุงุทูููู ุจุณ ูุชุนุฐุฑูู ุนูู ูุดู ุชุทุจูููู ( ุญุงุทูู ุงููุงููุฉ ุงูู ุงุชูุงุตู ูุน ุงูุณูุงู ููุด ุงุฐุง ุงูุง ูุงูุฏุฑ ุงูููู ุทูุจู ุงู ูุนุฏู ุนููู ุุุ ุญุงุทูููุง ุนุดุงู ุงุณููู ูุนุงู ู ุงุณุงูู ููู ุงูุทุฑูู ูุนู ุจุดุฑูู ูุตูุช ุจุงูุณูุงูู ุุุุุุ!!!! ),amanialfahaid,1,5.13.0
HungerStation,2021-10-22,ุฒูุงุฏุฉ ุงุณุนุงุฑ ุงููุฌุจุงุช,ุงูุชุทุจูู ุงุณุนุงุฑ ุงููุฌุจุงุช ุนูุฏู ุงุบูู ูู ุงููุทุนู ููุณู ูุนูู ูุงุฎุฐูู ุนููู ูุจูุบ ุงูุชูุตูู ูุฒูุงุฏุฉ ุนููู ุฑุงูุนูู ุณุนุฑ ุงููุฌุจุฉ ุนู ุณุนุฑูุง ุงูุฑุณูู ูู ุงู ูุทุนู ููุฌูุฏ ูู ุงูุชุทุจูู ูุตูุญุฉ ุชุทุจููุงุช ุงูุชูุตูู ูุซูุฑู ููู ุงูุถู ููู ุจ ูกูู ูุฑู,Bader107,1,5.13.0
HungerStation,2021-10-22,ุงุณูุฃ ุชุทุจูู ุชูุตูู,ุงุณูุฃ ุชุทุจูู ุชูุตูู ูู ุชุงุฑูุฎ ุงูุชูููุฉ,ุงุฑุชูุณ,1,5.13.0
HungerStation,2021-10-22,G,ุณูุฆ ุฌุฏุง ุฎุฏูุงุชูู ุนุจุงุฑุฉ ุนู ูุงุช ุงููููุณ ูุงูุช ุชุตุฑู,moathksa52,1,5.13.0
HungerStation,2021-10-21,๐๐พ๐๐พ๐๐พ๐๐พ๐๐พ๐๐พ,"ูููุฑ ุณุชูุดู ูุชุบูุฑุฉ ุงูุฎุฏูุฉ ุนู ูุจู ุตุงูุฑูู ูุบูุทูู ูุซูุฑ ููุชุฃุฎุฑูู 
ุงูุญูู ุทุงูุจู ูููู ูุงุฑู ูู ุณุงุนู ุงูุง ุฑุจุน ููุง ูุตููู ุงู ุดู 
ููุฉ ุจุงูุงุณุชูุชุงุฑ ูุงูุนุจุท ููุฃุณู ุจุถุทุฑ ุงุญุฐู ุงูุชุทุจูู ูุงุดูู ุดู ุซุงูู",Nour?????,1,5.13.0
HungerStation,2021-10-21,ุณูุงู ุนูููู ุงูุง ูู ุณุฏูุฑ โูุง ููู โุชูุตูู,ูุญููุฏ,ุนุงุจุฑุฏุชุฐุชูููุจุชููุจ,5,5.13.0
HungerStation,2021-10-21,Worst customer service,Worst customer service ever,isabry7815,1,5.13.0
HungerStation,2021-10-21,ูุง ุงูุตุญ ุจู,ุทูุจุช ููู ูุงูููุฏูุจ ุณุฑู ุงูุทุนุงู ูุชูุงุตูุช ุจุฎุฏูุฉ ุงูุนููุงุก ููุง ูุนู ุดูุก ุชูุฑูุจุง ุชูุงุณููุง ุงูุทุนุงู ุณููุง,AHMEDmd550,1,5.13.0
HungerStation,2021-10-21,You are forced to choose from the menu!,"Starbucks and most restaurants on this app you can not write a specific order! You either choose from the items available on screen or nothing!
I mean come on weโre paying money here and we are the one who gonna eat !",ุฒูุฒูุฒู,1,5.13.0
HungerStation,2021-10-21,Great service,Delivering a quality service is all we need and you have it HungerStation just please consider all regular customers to have special offers.,PinoyWarrior01,5,5.13.0
HungerStation,2021-10-20,โฅ๏ธ.,ูุงููู ุงูุนุถูู ุงุญุณู ุจุฑูุงูุฌ ูู ูุงุญูุช ุงููุทุงุนู ูุชูุตูู ูุงุดุงุกุงููู ุชุจุงุฑู ุงููู ุงููู ูุนุทููู ุงูุนุงููู,แดฌแดฎแดผแดผแดฐ,5,5.13.0
HungerStation,2021-10-20,ุงููุฑุณูู,โูุนุงููุงุช ุงููุฑุณูู ูู  ุงููุฑุณู ุฌุฏุง ุณูุฆุฉ ูุบูุฑ ูุจูู๐ก,Hanan3100,1,5.13.0